<?xml version="1.0" encoding="UTF-8"?>
<project-private xmlns="http://www.netbeans.org/ns/project-private/1">
    <editor-bookmarks xmlns="http://www.netbeans.org/ns/editor-bookmarks/2" lastBookmarkId="0"/>
    <open-files xmlns="http://www.netbeans.org/ns/projectui-open-files/2">
        <group>
            <file>file:/D:/Activity_Racelis/LoginRegisterForgotPass/src/loginregisterforgotpass/FXMLDocumentController.java</file>
            <file>file:/D:/Activity_Racelis/LoginRegisterForgotPass/src/loginregisterforgotpass/alertMessage.java</file>
            <file>file:/D:/Activity_Racelis/LoginRegisterForgotPass/src/design/style.css</file>
            <file>file:/D:/Activity_Racelis/LoginRegisterForgotPass/src/loginregisterforgotpass/mainForm.fxml</file>
        </group>
    </open-files>
</project-private>
